{"cameraMode":{"drawMode":0,"name":"Shaded","section":"Shading Mode"},"sceneLighting":false,"audioPlay":false,"sceneViewState":{"showFog":false,"showMaterialUpdate":false,"showSkybox":false,"showFlares":false,"showImageEffects":false,"showParticleSystems":false},"in2DMode":false,"pivot":{"x":-0.23628544807434083,"y":0.665043830871582,"z":-0.5165454745292664},"rotation":{"x":0.026909681037068368,"y":-0.9268388152122498,"z":0.0676819384098053,"w":0.3683624565601349},"size":4.442404270172119,"orthographic":false}