{"cameraMode":{"drawMode":0,"name":"Shaded","section":"Shading Mode"},"sceneLighting":false,"audioPlay":false,"sceneViewState":{"showFog":true,"showMaterialUpdate":false,"showSkybox":false,"showFlares":true,"showImageEffects":true,"showParticleSystems":true},"in2DMode":false,"pivot":{"x":2.4801907539367677,"y":3.0089962482452394,"z":1.150517225265503},"rotation":{"x":0.007540925871580839,"y":0.9924408197402954,"z":-0.08356168121099472,"w":0.08956164121627808},"size":1.966162919998169,"orthographic":false}